EMAILS,advertisement,spam,children,youngadult,adult
Why These Marketing Strategies Worked From a Customers POV  Itxy Lopez in Better Marketing,0,1,0,0,0
Sale Get your Favourite Titles at Rs135 now,1,1,0,0,1
Unleash epic performance with Galaxy S23 FE,1,1,0,1,0
Unleash epic performance with Galaxy S23 FE,1,1,0,0,1
Hm no writing activity last week,0,1,0,0,0
Home is where the Love is,0,1,0,0,0
FAA temporarily grounds certain Boeing 737 MAX 9s after emergency landing,0,1,0,0,0
Did you take a break from writing last week,0,1,0,0,0
The spookiest CanvaDesignChallenge yet,0,1,0,0,0
One  Move and One  Move,0,1,0,0,0
Develop the Skills Recruiters Seek,0,1,0,0,0
U.S. strike kills militia leader in Baghdad officials say,0,1,0,0,0
More related to What happens if I cant submit a few assignments in nptel,0,1,0,0,0
Win a 10000 gift card for sharing your thoughts,0,1,0,0,0
Heartland heroes legendary tales  more,0,1,0,0,0
Task Generator AI PDF Summarizer and More,1,1,0,1,0
Task Generator AI PDF Summarizer and More,1,1,0,0,1
This Opening Haunts Chess Players ,1,1,0,1,0
This Opening Haunts Chess Players ,1,1,0,0,1
Wednesday Only Wonders JustForYou,1,1,0,0,1
AP PHOTOS Womens World Cup highlights,0,1,0,0,0
Robots for Education Video Series Ep ,1,1,0,1,0
Robots for Education Video Series Ep ,1,1,0,0,1
Inside your weekly stats  45 percent off Premium,1,1,0,0,1
Updates to our Terms of Use,0,1,0,0,0
3 Step Success Plan Geeks for Geeks,1,1,0,1,0
Bulk AI Agents Custom Commands  Mobile Access,1,1,0,1,0
Unlock greater value with SmartDX,1,1,0,1,0
Roses are Red Violets are Blue,0,1,0,0,0
Learn about the Windows 11 PC Gaming features,1,1,0,1,0
Learn about the Windows 11 PC Gaming features,1,1,0,0,1
A camera that stands for you ,1,1,0,0,1
Diwali Shopping Now Pay Later ,1,1,0,0,1
Were a match made in heaven ,0,1,0,0,0
Have you tried our desktop app,1,1,0,1,0
Have you tried our desktop app,1,1,0,0,1
Taskade AI Outliner  Outline like a Pro,1,1,0,1,0
Your next vacation starts in  days,0,1,0,0,0
Associate with Khadi Mahotsav Buy Khadi Win Rewards ,1,1,0,0,1
How good are you at puzzles,0,1,0,0,0
Is it too early for fireworks ,0,1,0,0,0
Send docs via USPS directly from pdfFiller,1,1,0,1,0
Fwd Pre-book newly launched Samsung Galaxy Book3 Laptop and avail exclusive benefits,1,1,0,1,0
Fwd Pre-book newly launched Samsung Galaxy Book3 Laptop and avail exclusive benefits,1,1,0,0,1
Exclusive invite from HackerEarth Expires in 48 hrs ,1,1,0,1,0
Join the kiddie book club for monthly surprises,1,1,1,0,0
Blast Off with Our Science Experiments  Where Learning Meets Fun,1,1,1,0,0
Blast Off with Our Bookworm Alert Join the Kiddie Book Club for Bookish Delights Experiments  Where Learning Meets Fun,1,1,1,0,0
Dive into Creativity with our Colorful Art Supplies  Perfect for Young Picassos,1,1,1,0,0
Unleash the Magic Adventure Awaits at FirstCry,1,1,1,0,0
Trendsetting Teens Check Out the Latest Gen Z Picks,1,1,0,1,0
TikTok Royalty Dress Like Your Favorite Social Icons,1,1,0,1,0
Study Smart Gear Up with Stylish School Supplies for the Gen Z Squad,1,1,0,1,0
Power Up Your Gaming Experience with Epic Accessories,1,1,0,1,0
Flaunt Your Unique Style Discover Must-Have Makeup Essentials for the Modern Crew,1,1,0,1,0
Hangout Essentials Elevate Your Den with Trendy Decor for the Gen Z Hangout,1,1,0,1,0
Tea Time Elegance Elevate Your Tea Experience with Premium Blends,1,1,0,1,0
Serenity at Home Create a Relaxing Atmosphere with Our Decor,1,1,0,0,1
Home Sanctuary Upgrade Your Living Space with Cozy Furnishings,1,1,0,0,1
Drive in Comfort Upgrade Your Car with Premium Accessories,1,1,0,0,1
Dapper Styles Timeless Fashion for the Modern Gentleman,1,1,0,0,1
Unwind in Style Explore Our Selection of Fine Wines and Spirits,1,1,0,0,1
Professional Style Upgrade Your Workspace with Classy Accessories,1,1,0,0,1
Active Aging Stay Fit with Our Gentle Exercise Equipment,1,1,0,0,1
Natures Beauty Bring the Outdoors In with Our Botanical Decor,1,1,0,0,1
Timeless Tunes Enjoy Classic Melodies with Our Music Collection,1,1,0,0,1
Literary Treasures Immerse Yourself in Timeless Stories and Novels,1,1,0,0,1
You Earned 500 GCLoot Points,0,0,0,0,0
Your GitHub launch code,0,0,0,0,0
The Virtual Reward Center Re  Clarifications,0,0,0,0,0
AFE Model Casting Call ,0,0,0,0,0
amazon action needed Sign in,0,0,0,0,0
Appen 9 Project Invite  A5655Request detail 27Asia Image Collection Project,0,0,0,0,0
APPLICATION PROCESS ,0,0,0,0,0
Are you a luxury traveller or know someone who is,0,0,0,0,0
Celebrate 15 years of the Bible App,0,0,0,0,0
Changes to our Terms and Conditions and Privacy Notice,0,0,0,0,0
Combating scams in the Discogs Marketplace,0,0,0,0,0
Come back and keep earning with Quick Pay Survey,0,0,0,0,0
Congratulations You have been selected for a special scholarship from Unicef ,0,0,0,0,0
Customer Service Officer  19 new jobs  Job Alert from JobStreet,0,0,0,0,0
denis  Your Amazon Prime Membership Cancellation,0,0,0,0,0
Feedback Request How are we doing,0,0,0,0,0
Get ready for Test Co Deo,0,0,0,0,0
Gut Health  Weight Loss Plan Role of Supplement,0,0,0,0,0
HOW TO CANCEL UIF REGISTRATION ,0,0,0,0,0
If coding in Cpp is so extremely hard why do we have so many PlayStation and Nintendo,0,0,0,0,0
June 2023 Account Statement ,0,0,0,0,0
Junior Admin Assistant ,0,0,0,0,0
Linton take the next step on your Windows device by confirming your Google Account settings,0,0,0,0,0
Microsoft Outlook Test Message,0,0,0,0,0
New jobs posted from Plan International,0,0,0,0,0
New login to Instagram from Threads on Infinix X690B ,0,0,0,0,0
Not Satisfied with the Reward,0,0,0,0,0
Notification ,0,0,0,0,0
Order Confirmation for Maliek from Chanellos Pizza,0,0,0,0,0
Q2 Markets and Products Updates,0,0,0,0,0
Quotation for a tombstone ,0,0,0,0,0
Re KPMG 2023 Graduate Recruitment  Aptitude Test Feedback,0,0,0,0,0
Re New Job Openings at International Livestock Research Institute ILRI,0,0,0,0,0
Reply to your CPX Research Ticket238212,0,0,0,0,0
Sales executive ,0,0,0,0,0
Sathya welcome to Snapchat,0,0,0,0,0
SIR15112294 Your request for content review on Microsoft,0,0,0,0,0
Telemarketing  19 new jobs Job Alert from JobStreet,0,0,0,0,0
Thank you for creating a Netflix account ,0,0,0,0,0
Toloka has sent you 80 USD,0,0,0,0,0
TV LISENCE ,0,0,0,0,0
UPDATE ON STOCK ,0,0,0,0,0
Update on your application at Lemon Recruiting,0,0,0,0,0
Update New Twitch Account Linked,0,0,0,0,0
Updates to Google Play Terms of Service,0,0,0,0,0
Updates to our Privacy Policy,0,0,0,0,0
Venmo primary email address changed,0,0,0,0,0
Verify your Twitch email address,0,0,0,0,0
What is it like to have a six pack,0,0,0,0,0
You applied to job post Translation ISAACAcceptability trTRen US,0,0,0,0,0
Your Account Was Accessed From a New Device,0,0,0,0,0
Your Amazon order of Nike Youth Dunk Low Ls GS,0,0,0,0,0
Your application for the position of Child Protection in Emergencies Specialist Maiduguri  Nigeria,0,0,0,0,0
Your Kilimall Account is Ready  Shopping Now,0,0,0,0,0
Your Steam account Access from new web or mobile device,0,0,0,0,0
Your uploaded document is rejected,0,0,0,0,0
Youve Earned a Reward from Bard Explorers India,0,0,0,0,0
The secrets to SUCCESS,0,0,0,0,0
101 MLB Expert Inside Plus Everything You Need To Have A BLOCKBUSTER Saturday,1,1,0,0,1
Affordable American MBA degree 180 dollar per month,1,1,0,1,0
Combating scams in the Discogs Marketplace,0,0,0,0,0
Do you have 7 dollar Walid,0,0,0,0,0
